"count";"username";"datetime";"text"
"1";"alina__artemenko";"17:36:57 17-05-2021";"@artemenko.dms"
"2";"alina__artemenko";"17:37:09 17-05-2021";"@r4_daria"
"3";"alina__artemenko";"17:37:15 17-05-2021";"@ameli_ch"
"4";"alina__artemenko";"17:37:22 17-05-2021";"@oksa112"
"5";"marianna_ka5";"17:37:38 17-05-2021";"@serg_sergey"
"6";"alina__artemenko";"17:38:07 17-05-2021";"@pletiana_alina"
"7";"marianna_ka5";"17:38:25 17-05-2021";"@marijka_93"
"8";"marianna_ka5";"17:38:35 17-05-2021";"@konon.natasha"
"9";"igor_sadovnichiy_";"17:38:44 17-05-2021";"@natasha_shevchuc"
"10";"marianna_ka5";"17:38:46 17-05-2021";"@natahabond"
"11";"skvrskkk";"17:38:53 17-05-2021";"@kovalyk"
"12";"skvrskkk";"17:39:15 17-05-2021";"@vsem_pzd_"
"13";"skvrskkk";"17:39:21 17-05-2021";"@nestulia95"
"14";"skvrskkk";"17:39:24 17-05-2021";"@www92221"
"15";"skvrskkk";"17:39:30 17-05-2021";"@bamboochoo"
"16";"skvrskkk";"17:39:36 17-05-2021";"@podoydee"
"17";"skvrskkk";"17:39:39 17-05-2021";"@motsia"
"18";"dashatennikova";"17:40:00 17-05-2021";"@miroslavaliasota"
"19";"innamusijenko";"17:40:08 17-05-2021";"@natiknatalia6"
"20";"www92221";"17:40:12 17-05-2021";"@skvrskkk"
"21";"www92221";"17:40:19 17-05-2021";"@podoydee"
"22";"www92221";"17:40:22 17-05-2021";"@kovalyk"
"23";"www92221";"17:40:25 17-05-2021";"@vsem_pzd_"
"24";"innamusijenko";"17:40:50 17-05-2021";"@alina___martynenko"
"25";"m_s_ponomarenko";"17:41:10 17-05-2021";"@ksenia.tkh"
"26";"m_s_ponomarenko";"17:41:16 17-05-2021";"@ponomarenkoanton93"
"27";"m_s_ponomarenko";"17:41:25 17-05-2021";"@sasha.sedochenko"
"28";"m_s_ponomarenko";"17:41:32 17-05-2021";"@m.a.r.i.n.a__sl"
"29";"m_s_ponomarenko";"17:41:40 17-05-2021";"@rimmasirenko"
"30";"innamusijenko";"17:41:46 17-05-2021";"@_svitlanamazur"
"31";"m_s_ponomarenko";"17:41:56 17-05-2021";"@p_e_o_21"
"32";"sweetkamelia";"17:42:03 17-05-2021";"@shykutaanastasiia"
"33";"m_s_ponomarenko";"17:42:23 17-05-2021";"@_rostova_yuliia_"
"34";"liashiki";"17:42:41 17-05-2021";"@ive_anna_"
"35";"irynka_klodzinska";"17:45:42 17-05-2021";"@taras_klodzinskyi"
"36";"mod_ua";"17:46:11 17-05-2021";"@baben4ik1"
"37";"marinasardanova";"17:47:03 17-05-2021";"@oliaa.liaa"
"38";"anastasiiapro_bro";"17:47:28 17-05-2021";"@sngrigor"
"39";"anastasiiapro_bro";"17:47:38 17-05-2021";"@inna_k_drobot"
"40";"anastasiiapro_bro";"17:48:00 17-05-2021";"@juliya_gluschenko"
"41";"poplik1205";"17:48:04 17-05-2021";"@kkristi2021"
"42";"poplik1205";"17:48:20 17-05-2021";"@kovalenkokarinka"
"43";"poplik1205";"17:48:27 17-05-2021";"@sasha_oblava"
"44";"poplik1205";"17:48:34 17-05-2021";"@kopychkaalla"
"45";"poplik1205";"17:48:47 17-05-2021";"@kristinka0314"
"46";"alinaglemeida";"17:48:50 17-05-2021";"@anngayduk"
"47";"alinaglemeida";"17:48:57 17-05-2021";"@irina_chaika7"
"48";"alinaglemeida";"17:49:04 17-05-2021";"@polina_levskaya"
"49";"alinaglemeida";"17:49:11 17-05-2021";"@oksana.kotilevskaia"
"50";"kseniaf92";"17:49:14 17-05-2021";"@irpen_kiev_remont"
"51";"anastasiiapro_bro";"17:49:25 17-05-2021";"@dmitriy.shakirzyanov"
"52";"kseniaf92";"17:49:27 17-05-2021";"@arinafuks24"
"53";"poplik1205";"17:49:31 17-05-2021";"@kristinka0314"
"54";"poplik1205";"17:49:40 17-05-2021";"@elena.tsibizova"
"55";"marina.dolger";"17:50:05 17-05-2021";"@juliayakhnii"
"56";"marina.dolger";"17:50:11 17-05-2021";"@roman_dolger"
"57";"marina.dolger";"17:50:19 17-05-2021";"@pro_bogdan_"
"58";"protsan_inna";"17:50:25 17-05-2021";"@ssejana"
"59";"marina.dolger";"17:50:30 17-05-2021";"@ozhelikhovska"
"60";"___kate.rina";"17:50:46 17-05-2021";"@moiseeva___el"
"61";"marina.dolger";"17:50:52 17-05-2021";"@nedielin_a"
"62";"___kate.rina";"17:50:56 17-05-2021";"@la_risa0201"
"63";"vitiuklesia";"17:51:21 17-05-2021";"@vitiuk_yevhenii"
"64";"i_lm007";"17:51:25 17-05-2021";"@johnyoperator"
"65";"protsan_inna";"17:51:35 17-05-2021";"@melnyk_elena_"
"66";"i_lm007";"17:51:39 17-05-2021";"@nanna.mo"
"67";"protsan_inna";"17:51:44 17-05-2021";"@lily_dovgun"
"68";"protsan_inna";"17:51:55 17-05-2021";"@_morkovka_23"
"69";"yuriivna573";"17:54:10 17-05-2021";"@savchuk634"
"70";"innapyl1";"17:54:53 17-05-2021";"@liza_461"
"71";"egor_kochnev_2003";"17:55:20 17-05-2021";"@qxs.ilia.m"
"72";"innapyl1";"17:55:35 17-05-2021";"@tina_krous"
"73";"egor_kochnev_2003";"17:55:36 17-05-2021";"@whitephantomas"
"74";"egor_kochnev_2003";"17:56:02 17-05-2021";"@____kkaattyyaaaa____"
"75";"kate.ihnatova";"17:56:37 17-05-2021";"@andrii_ihnatov"
"76";"kate.ihnatova";"17:56:40 17-05-2021";"@kravchenko_alonka"
"77";"egor_kochnev_2003";"17:57:19 17-05-2021";"@kasyan0v_den"
"78";"kate.ihnatova";"17:57:24 17-05-2021";"@alena_chornoivan"
"79";"kate.ihnatova";"17:57:29 17-05-2021";"@mari_holiday"
"80";"kate.ihnatova";"17:57:33 17-05-2021";"@mammyporsche"
"81";"anastejshad";"17:58:36 17-05-2021";"@qverida"
"82";"yuliya.kolesnyk";"17:58:44 17-05-2021";"@tan_skorpion"
"83";"anastejshad";"17:58:46 17-05-2021";"@dubrovaliubov"
"84";"yuliya.kolesnyk";"17:58:50 17-05-2021";"@artemintrowert"
"85";"yuliya.kolesnyk";"17:58:56 17-05-2021";"@melnik9351"
"86";"qverida";"17:59:12 17-05-2021";"@anastejshad"
"87";"anastejshad";"17:59:38 17-05-2021";"@knoian_daria"
"88";"anastejshad";"17:59:53 17-05-2021";"@alex_stalnoj"
"89";"happiness_lady.in.red";"18:00:14 17-05-2021";"@decor_na_godik"
"90";"anastejshad";"18:00:26 17-05-2021";"@angelina____angelina"
"91";"happiness_lady.in.red";"18:00:32 17-05-2021";"@j.dan2014"
"92";"happiness_lady.in.red";"18:00:42 17-05-2021";"@nails_elit_studio"
"93";"happiness_lady.in.red";"18:00:58 17-05-2021";"@chekailovaa"
"94";"happiness_lady.in.red";"18:01:12 17-05-2021";"@julie_alexandrova_"
"95";"anastejshad";"18:01:58 17-05-2021";"@shveciya_5"
"96";"koso_pletka";"18:02:35 17-05-2021";"@sasha_18.03"
"97";"koso_pletka";"18:02:47 17-05-2021";"@sasha_18.03"
"98";"koso_pletka";"18:02:48 17-05-2021";"@sasha_18.03"
"99";"koso_pletka";"18:02:51 17-05-2021";"@sasha_18.03"
"100";"koso_pletka";"18:02:52 17-05-2021";"@sasha_18.03"
"101";"koso_pletka";"18:02:54 17-05-2021";"@sasha_18.03"
"102";"koso_pletka";"18:02:56 17-05-2021";"@sasha_18.03"
"103";"koso_pletka";"18:02:58 17-05-2021";"@sasha_18.03"
"104";"koso_pletka";"18:02:59 17-05-2021";"@sasha_18.03"
"105";"anastejshad";"18:03:11 17-05-2021";"@alenaboyko"
"106";"korinchevskaya";"18:04:13 17-05-2021";"@mikhail_polovyk"
"107";"korinchevskaya";"18:04:19 17-05-2021";"@_lavrenyuk_"
"108";"vaaalerria";"18:04:24 17-05-2021";"@toxa.poryadok"
"109";"korinchevskaya";"18:04:25 17-05-2021";"@nataliyakorinchevska"
"110";"korinchevskaya";"18:04:31 17-05-2021";"@korinchevskiialeksandr"
"111";"korinchevskaya";"18:05:04 17-05-2021";"@natali_del_red"
"112";"korinchevskaya";"18:05:11 17-05-2021";"@shomkodavid"
"113";"bernatskaya_viktoriya_";"18:05:35 17-05-2021";"@05lesya12"
"114";"bernatskaya_viktoriya_";"18:05:47 17-05-2021";"@__only_two__"
"115";"bernatskaya_viktoriya_";"18:05:53 17-05-2021";"@ira_merychanska"
"116";"bernatskaya_viktoriya_";"18:05:57 17-05-2021";"@martyniuk_iryna_"
"117";"bernatskaya_viktoriya_";"18:06:02 17-05-2021";"@kuzminskagavriliuk"
"118";"bernatskaya_viktoriya_";"18:06:06 17-05-2021";"@kuzminskii.sergii"
"119";"bernatskaya_viktoriya_";"18:06:12 17-05-2021";"@prilichnaya_k"
"120";"bernatskaya_viktoriya_";"18:06:15 17-05-2021";"@tkachenko_victoria_"
"121";"bernatskaya_viktoriya_";"18:06:21 17-05-2021";"@ekaterinasenkovenko"
"122";"bernatskaya_viktoriya_";"18:06:42 17-05-2021";"@ruda.olia"
"123";"bernatskaya_viktoriya_";"18:06:58 17-05-2021";"@mechta_sbudetsa11"
"124";"bernatskaya_viktoriya_";"18:07:10 17-05-2021";"@_fairystacy_"
"125";"spivakkolesnik";"18:07:11 17-05-2021";"@alex.kolesnik.spivak"
"126";"irinaa_znk";"18:09:50 17-05-2021";"@_david_gorovich_"
"127";"irinaa_znk";"18:09:57 17-05-2021";"@hrystya_s"
"128";"irinaa_znk";"18:10:07 17-05-2021";"@dimniy_brat"
"129";"anyuta_khimiak";"18:13:57 17-05-2021";"@nikolaikhimiak"
"130";"anyuta_khimiak";"18:14:00 17-05-2021";"@sharp_93"
"131";"anyuta_khimiak";"18:14:03 17-05-2021";"@nati_matvienko"
"132";"dem410";"18:17:16 17-05-2021";"@demkatte"
"133";"alyona_yezerskabunyak";"18:17:28 17-05-2021";"@sergiy_ezerskiy"
"134";"alyona_yezerskabunyak";"18:17:35 17-05-2021";"@sosninaludmila"
"135";"alyona_yezerskabunyak";"18:17:41 17-05-2021";"@sosninyaroslav"
"136";"alyona_yezerskabunyak";"18:17:45 17-05-2021";"@hrystynalepilova"
"137";"alyona_yezerskabunyak";"18:17:50 17-05-2021";"@sheshko.dasha"
"138";"alyona_yezerskabunyak";"18:17:56 17-05-2021";"@andriichenko.m"
"139";"alyona_yezerskabunyak";"18:18:02 17-05-2021";"@natalikostiuchenko"
"140";"alyona_yezerskabunyak";"18:18:15 17-05-2021";"@lyudmilamila2218"
"141";"dem410";"18:18:28 17-05-2021";"@demkatte_art"
"142";"dem410";"18:18:53 17-05-2021";"@julia_voiedylo"
"143";"dem410";"18:19:28 17-05-2021";"@demkatte"
"144";"victoria_halimon";"18:19:28 17-05-2021";"@katemart_psy"
"145";"victoria_halimon";"18:19:38 17-05-2021";"@maksimkina_olala"
"146";"victoria_halimon";"18:19:50 17-05-2021";"@maxhalimon"
"147";"missolya.33";"18:23:58 17-05-2021";"@ti_lisenkova"
"148";"missolya.33";"18:24:02 17-05-2021";"@lisenkoov"
"149";"missolya.33";"18:24:06 17-05-2021";"@___sifufer"
"150";"missolya.33";"18:24:11 17-05-2021";"@comebeinmylife"
"151";"missolya.33";"18:24:20 17-05-2021";"@tatiana_olly"
"152";"missolya.33";"18:24:25 17-05-2021";"@olga_sanatarchuk"
"153";"missolya.33";"18:24:28 17-05-2021";"@_1olgaa"
"154";"missolya.33";"18:24:39 17-05-2021";"@irinaslobodianiuk"
"155";"missolya.33";"18:24:42 17-05-2021";"@irina_kiku"
"156";"missolya.33";"18:24:46 17-05-2021";"@inna.meltsova"
"157";"missolya.33";"18:24:49 17-05-2021";"@_inna__orlova__"
"158";"missolya.33";"18:25:01 17-05-2021";"@barbalatnadiukha"
"159";"missolya.33";"18:25:05 17-05-2021";"@barbalatsasa7"
"160";"missolya.33";"18:25:09 17-05-2021";"@barbalat_elena"
"161";"missolya.33";"18:25:20 17-05-2021";"@vikt0riya94"
"162";"missolya.33";"18:25:26 17-05-2021";"@iskra_1379"
"163";"missolya.33";"18:25:31 17-05-2021";"@i.sev_02"
"164";"missolya.33";"18:25:45 17-05-2021";"@vladislav__vasilev1988"
"165";"katyakryvtsova";"18:30:57 17-05-2021";"@karina_bernatska"
"166";"katyakryvtsova";"18:31:09 17-05-2021";"@opatska.karina"
"167";"myroslavakopievskaya";"18:31:13 17-05-2021";"@ksu_ksu1"
"168";"myroslavakopievskaya";"18:31:23 17-05-2021";"@galinamazanovich"
"169";"katyakryvtsova";"18:31:33 17-05-2021";"@marianna_kostenko_"
"170";"katyakryvtsova";"18:31:39 17-05-2021";"@arsex_og"
"171";"myroslavakopievskaya";"18:31:45 17-05-2021";"@vlasiuksavchuk"
"172";"katyakryvtsova";"18:31:45 17-05-2021";"@anna_k_______"
"173";"myroslavakopievskaya";"18:31:52 17-05-2021";"@kopievsky"
"174";"katyakryvtsova";"18:32:02 17-05-2021";"@di.romanivna"
"175";"myroslavakopievskaya";"18:32:06 17-05-2021";"@oksanka_tit"
"176";"katyakryvtsova";"18:32:10 17-05-2021";"@bratushanya_"
"177";"katyakryvtsova";"18:32:40 17-05-2021";"@anastasiia_olinyk"
"178";"katyakryvtsova";"18:32:52 17-05-2021";"@krisstal7"
"179";"myroslavakopievskaya";"18:32:57 17-05-2021";"@milaludmila1"
"180";"myroslavakopievskaya";"18:34:03 17-05-2021";"@irenachornenkaya"
"181";"myroslavakopievskaya";"18:34:09 17-05-2021";"@yaroslavanikolaevna"
"182";"ianalegedza";"18:34:20 17-05-2021";"@sofiakhomeniuk"
"183";"myroslavakopievskaya";"18:34:24 17-05-2021";"@ludmiladoljb"
"184";"katyakryvtsova";"18:34:35 17-05-2021";"@ylia.polischuk"
"185";"milaludmila1";"18:34:45 17-05-2021";"@myroslavakopievskaya"
"186";"milaludmila1";"18:34:49 17-05-2021";"@ksu_ksu1"
"187";"milaludmila1";"18:34:53 17-05-2021";"@katya_plnk"
"188";"katyakryvtsova";"18:34:55 17-05-2021";"@juliaduchinska"
"189";"milaludmila1";"18:34:57 17-05-2021";"@okolokotov"
"190";"milaludmila1";"18:35:04 17-05-2021";"@yana.voskoboinyk"
"191";"katyakryvtsova";"18:35:06 17-05-2021";"@microkorgcat"
"192";"milaludmila1";"18:35:08 17-05-2021";"@teaserok"
"193";"milaludmila1";"18:35:14 17-05-2021";"@bailomaksim"
"194";"podoydee";"18:35:18 17-05-2021";"@motsia"
"195";"milaludmila1";"18:35:19 17-05-2021";"@alinabailo"
"196";"podoydee";"18:35:23 17-05-2021";"@skvrskkk"
"197";"milaludmila1";"18:35:25 17-05-2021";"@svitlanalafazan"
"198";"milaludmila1";"18:35:30 17-05-2021";"@darya_sc"
"199";"podoydee";"18:35:31 17-05-2021";"@samsoboychik"
"200";"milaludmila1";"18:35:37 17-05-2021";"@svirolga"
"201";"milaludmila1";"18:35:46 17-05-2021";"@liubochka193"
"202";"milaludmila1";"18:35:52 17-05-2021";"@likhacheva7013"
"203";"podoydee";"18:35:55 17-05-2021";"@cheeeesnova"
"204";"milaludmila1";"18:36:11 17-05-2021";"@alonasytnik"
"205";"milaludmila1";"18:36:16 17-05-2021";"@alyona.haidai"
"206";"milaludmila1";"18:36:20 17-05-2021";"@tanusi4ka"
"207";"milaludmila1";"18:36:39 17-05-2021";"@taniagoriacheva_"
"208";"milaludmila1";"18:36:50 17-05-2021";"@a.demchenkoo"
"209";"milaludmila1";"18:37:08 17-05-2021";"@lyolya_kurganova_"
"210";"milaludmila1";"18:37:33 17-05-2021";"@alyon_ko"
"211";"milaludmila1";"18:37:44 17-05-2021";"@you.kornienko"
"212";"mamchur.natasha";"18:40:04 17-05-2021";"@marushka_margo"
"213";"mamchur.natasha";"18:40:19 17-05-2021";"@mykhail.voznuy"
"214";"mamchur.natasha";"18:40:27 17-05-2021";"@janchuk25"
"215";"mamchur.natasha";"18:40:42 17-05-2021";"@yuriy.grishchenko"
"216";"mamchur.natasha";"18:41:08 17-05-2021";"@ju_vortex"
"217";"kovamarikart";"18:41:18 17-05-2021";"@viktoria_kovalenko____"
"218";"mamchur.natasha";"18:41:19 17-05-2021";"@masya.olya"
"219";"mamchur.natasha";"18:41:42 17-05-2021";"@nadia.mykula"
"220";"mamchur.natasha";"18:41:53 17-05-2021";"@margo_mar18"
"221";"mamchur.natasha";"18:42:07 17-05-2021";"@b_e_n_1805"
"222";"mamchur.natasha";"18:42:43 17-05-2021";"@lia.lisa_"
"223";"mamchur.natasha";"18:42:54 17-05-2021";"@sandra_ua_"
"224";"ksu_ksu1";"18:46:55 17-05-2021";"@myroslavakopievskaya"
"225";"ksu_ksu1";"18:47:09 17-05-2021";"@milaludmila1"
"226";"_kulikovalina";"18:47:23 17-05-2021";"@vova.boroda__"
"227";"vova.boroda__";"18:48:51 17-05-2021";"@_kulikovalina"
"228";"barbalat_elena";"18:50:34 17-05-2021";"@olga_sanatarchuk"
"229";"barbalat_elena";"18:50:41 17-05-2021";"@missolya.33"
"230";"barbalat_elena";"18:50:46 17-05-2021";"@barbalatnadiukha"
"231";"barbalat_elena";"18:50:49 17-05-2021";"@barbalatsasa7"
"232";"barbalat_elena";"18:50:55 17-05-2021";"@ti_lisenkova"
"233";"barbalat_elena";"18:51:05 17-05-2021";"@lisenkoov"
"234";"barbalat_elena";"18:51:11 17-05-2021";"@___sifufer"
"235";"barbalat_elena";"18:51:28 17-05-2021";"@comebeinmylife"
"236";"ann_t68";"18:54:43 17-05-2021";"@nastsmirnova2020"
"237";"ann_t68";"18:54:48 17-05-2021";"@andrey_vedmedenko"
"238";"yana.voskoboinyk";"18:54:51 17-05-2021";"@milaludmila1 если ты выиграешь, но не отведёшь меня туда бесплатно кушац, я тебя заблокирую)"
"239";"ann_t68";"18:54:55 17-05-2021";"@anya_vovchenko_2203"
"240";"ann_t68";"18:55:00 17-05-2021";"@agnes_foxy"
"241";"ann_t68";"18:55:04 17-05-2021";"@dana_litvinenko"
"242";"ann_t68";"18:55:11 17-05-2021";"@anyuska_lipach21"
"243";"ann_t68";"18:55:18 17-05-2021";"@bogun_irina"
"244";"ann_t68";"18:55:24 17-05-2021";"@bo_echka"
"245";"ann_t68";"18:55:42 17-05-2021";"@boroda14_88"
"246";"ann_t68";"18:55:51 17-05-2021";"@bogunvova__0"
"247";"ann_t68";"18:56:04 17-05-2021";"@_s._a._18_"
"248";"ann_t68";"18:56:08 17-05-2021";"@_l._a._18_"
"249";"ann_t68";"18:56:13 17-05-2021";"@__vika_ve"
"250";"yana.voskoboinyk";"18:56:17 17-05-2021";"@okolokotov"
"251";"yana.voskoboinyk";"18:56:24 17-05-2021";"@milaludmila1"
"252";"yana.voskoboinyk";"18:56:41 17-05-2021";"@anastasiiaprynko"
"253";"ann_t68";"18:56:46 17-05-2021";"@slava_pereguda"
"254";"ann_t68";"18:56:55 17-05-2021";"@marsinurka"
"255";"ann_t68";"18:57:01 17-05-2021";"@mariana_sherstiuk"
"256";"yana.voskoboinyk";"18:57:01 17-05-2021";"@myakor"
"257";"ann_t68";"18:57:06 17-05-2021";"@maximlarix"
"258";"ann_t68";"18:57:20 17-05-2021";"@lov8aaa"
"259";"yana.voskoboinyk";"18:57:21 17-05-2021";"@superandreiko"
"260";"yana.voskoboinyk";"18:57:28 17-05-2021";"@latysheva.liza"
"261";"okolokotov";"18:58:00 17-05-2021";"@milaludmila1"
"262";"okolokotov";"18:58:04 17-05-2021";"@yana.voskoboinyk"
"263";"okolokotov";"18:58:11 17-05-2021";"@dorit555524"
"264";"okolokotov";"18:58:23 17-05-2021";"@darinakorolyova"
"265";"yana.voskoboinyk";"18:58:26 17-05-2021";"@prinkonastia"
"266";"yana.voskoboinyk";"18:58:46 17-05-2021";"@m.dyachek"
"267";"katematsyboruk";"18:59:18 17-05-2021";"@_sergei_sergeevich_77"
"268";"katematsyboruk";"18:59:23 17-05-2021";"@bondar.mary"
"269";"yana.voskoboinyk";"19:00:17 17-05-2021";"@sveto4ka_yakymets"
"270";"yana.voskoboinyk";"19:00:30 17-05-2021";"@aleno4ka_leshchenko"
"271";"dasha_duka";"19:01:20 17-05-2021";"@_annnnya_"
"272";"dasha_duka";"19:01:30 17-05-2021";"@meow_neli"
"273";"dasha_duka";"19:02:08 17-05-2021";"@svetlana.duka1"
"274";"dasha_duka";"19:02:26 17-05-2021";"@m_bratushchyk"
"275";"m_bratushchyk";"19:07:18 17-05-2021";"@dasha_duka"
"276";"m_bratushchyk";"19:08:05 17-05-2021";"@bratushchyk_coach"
"277";"m_bratushchyk";"19:09:15 17-05-2021";"@da_du_animation"
"278";"johnyoperator";"19:12:46 17-05-2021";"@i_lm007"
"279";"johnyoperator";"19:13:25 17-05-2021";"@i.khomchik"
"280";"kopievsky";"19:15:08 17-05-2021";"@myroslavakopievskaya"
"281";"alisa_himich";"19:15:22 17-05-2021";"@natali127777"
"282";"alisa_himich";"19:16:24 17-05-2021";"@anna_lushchenko"
"283";"alisa_himich";"19:16:29 17-05-2021";"@oksanka080690"
"284";"alisa_himich";"19:16:33 17-05-2021";"@forever.puuurple"
"285";"oksanka080690";"19:24:12 17-05-2021";"@poltavets221241"
"286";"annetakas0707";"19:24:53 17-05-2021";"@igorkasprov"
"287";"annetakas0707";"19:25:05 17-05-2021";"@laurakanaykina"
"288";"oksanka080690";"19:25:06 17-05-2021";"@alisa_himich"
"289";"oksanka080690";"19:25:42 17-05-2021";"@oksanakozachuk4519"
"290";"ka_zova";"19:49:20 17-05-2021";"@k.maglich"
"291";"ka_zova";"19:49:53 17-05-2021";"@tatiana_abramtsova"
"292";"ka_zova";"19:50:22 17-05-2021";"@tasya_mak"
"293";"kravchenko_alonka";"19:50:38 17-05-2021";"@zdelaem_vse"
"294";"kravchenko_alonka";"19:51:03 17-05-2021";"@kate.ihnatova"
"295";"kravchenko_alonka";"19:51:16 17-05-2021";"@julia._gavrish"
"296";"kravchenko_alonka";"19:51:21 17-05-2021";"@rudenko_liliya"
"297";"toxa.poryadok";"19:51:30 17-05-2021";"@vaaalerria"
"298";"kravchenko_alonka";"19:51:36 17-05-2021";"@darvina_"
"299";"kravchenko_alonka";"19:51:44 17-05-2021";"@zavorotkoekaterina"
"300";"kravchenko_alonka";"19:51:59 17-05-2021";"@k.r.a.v.c.h.e.n.k.o_irina"
"301";"kravchenko_alonka";"19:52:15 17-05-2021";"@yulich67"
"302";"kravchenko_alonka";"19:52:21 17-05-2021";"@ylia.ozeruga"
"303";"kravchenko_alonka";"19:52:33 17-05-2021";"@_svet.la"
"304";"kravchenko_alonka";"19:52:46 17-05-2021";"@alisha_fedorets"
"305";"kravchenko_alonka";"19:52:54 17-05-2021";"@cherinska"
"306";"kravchenko_alonka";"19:53:03 17-05-2021";"@tetjanka_tetjanka"
"307";"kravchenko_alonka";"19:53:23 17-05-2021";"@olechkagorbenko"
"308";"kravchenko_alonka";"19:53:31 17-05-2021";"@olgatshaika"
"309";"anyuta_borusova_";"20:02:23 17-05-2021";"@jellybonka"
"310";"anyuta_borusova_";"20:02:25 17-05-2021";"@darina_zapesochnaya"
"311";"anyuta_borusova_";"20:02:30 17-05-2021";"@olena_vakhnovan"
"312";"anyuta_borusova_";"20:02:36 17-05-2021";"@viktoria_obrevko"
"313";"anyuta_borusova_";"20:02:43 17-05-2021";"@wowmarusya_"
"314";"anyuta_borusova_";"20:02:48 17-05-2021";"@ketrin_manko"
"315";"anyuta_borusova_";"20:02:55 17-05-2021";"@shabanova___anna"
"316";"anyuta_borusova_";"20:03:03 17-05-2021";"@mariia.skripka"
"317";"anyuta_borusova_";"20:03:07 17-05-2021";"@berezova_brow_art"
"318";"anyuta_borusova_";"20:03:12 17-05-2021";"@marina.sh.17"
"319";"anyuta_borusova_";"20:03:17 17-05-2021";"@m_chop"
"320";"anyuta_borusova_";"20:03:26 17-05-2021";"@trokhimenkotania"
"321";"anyuta_borusova_";"20:03:54 17-05-2021";"@womans.beauty.room"
"322";"anyuta_borusova_";"20:04:01 17-05-2021";"@iryna_piskunova.97"
"323";"anyuta_borusova_";"20:04:11 17-05-2021";"@e_d_u_a_r_d_o_v_n_a______iren"
"324";"anyuta_borusova_";"20:04:25 17-05-2021";"@g_yaroslavovna"
"325";"anyuta_borusova_";"20:05:28 17-05-2021";"@anastasiya_kiev98"
"326";"anyuta_borusova_";"20:05:48 17-05-2021";"@halyna_kishko"
"327";"anyuta_borusova_";"20:06:34 17-05-2021";"@alexsaplys"
"328";"anyuta_borusova_";"20:06:42 17-05-2021";"@_vitaliya_nyzhnyk_"
"329";"anyuta_borusova_";"20:07:54 17-05-2021";"@karabaza_katia"
"330";"anyuta_borusova_";"20:08:45 17-05-2021";"@yulia_nosach"
"331";"anyuta_borusova_";"20:09:01 17-05-2021";"@taykaatayiska"
"332";"anyuta_borusova_";"20:09:06 17-05-2021";"@tania_fenka"
"333";"shashenochka";"20:14:13 17-05-2021";"@helen_oliinyk"
"334";"shashenochka";"20:14:30 17-05-2021";"@marina.prus"
"335";"shashenochka";"20:14:45 17-05-2021";"@anastasiya.lozovaya"
"336";"shashenochka";"20:15:30 17-05-2021";"@oksana20172020"
"337";"helen_oliinyk";"20:17:10 17-05-2021";"@marina.prus"
"338";"helen_oliinyk";"20:17:19 17-05-2021";"@shashenochka"
"339";"helen_oliinyk";"20:17:26 17-05-2021";"@anastasiya.lozovaya"
"340";"helen_oliinyk";"20:17:52 17-05-2021";"@viktoria_yasyr"
"341";"twins_nev";"20:53:29 17-05-2021";"@samura.aleksandr @ksusha.prus"
"342";"twins_nev";"20:53:39 17-05-2021";"@nata.twin @podvysotskiy_d"
"343";"podlinaya";"20:54:04 17-05-2021";"@anyutahmelyuk"
"344";"podlinaya";"20:54:12 17-05-2021";"@kovtunoleksii"
"345";"podlinaya";"20:54:22 17-05-2021";"@kate_leontyeva"
"346";"vo_liydmila";"21:12:21 17-05-2021";"@tanya_che_13"
"347";"vo_liydmila";"21:12:30 17-05-2021";"@valentina_km13"
"348";"vo_liydmila";"21:12:39 17-05-2021";"@anastasiaberezianska"
"349";"lukashenko65";"21:15:39 17-05-2021";"@k_kalandadze"
"350";"lukashenko65";"21:15:50 17-05-2021";"@bashunnastya"
"351";"lukashenko65";"21:15:54 17-05-2021";"@kupchenko.y"
"352";"lukashenko65";"21:16:06 17-05-2021";"@ts.valentyna"
"353";"lukashenko65";"21:17:13 17-05-2021";"@anniuttss"
"354";"lukashenko65";"21:17:19 17-05-2021";"@annagukovskaya"
"355";"lukashenko65";"21:17:31 17-05-2021";"@danilsheikin"
"356";"marianna_ka5";"21:20:08 17-05-2021";"@a.a.barabash"
"357";"marianna_ka5";"21:20:14 17-05-2021";"@alena.albet"
"358";"marianna_ka5";"21:20:18 17-05-2021";"@andriikovalenko8"
"359";"viktoria_kovalenko____";"21:20:29 17-05-2021";"@kovamarikart"
"360";"marianna_ka5";"21:20:33 17-05-2021";"@alinagolinko"
"361";"viktoria_kovalenko____";"21:20:39 17-05-2021";"@inessa__onyshko"
"362";"marianna_ka5";"21:20:40 17-05-2021";"@albet_eugene"
"363";"marianna_ka5";"21:20:46 17-05-2021";"@alenayermolenko"
"364";"marianna_ka5";"21:20:51 17-05-2021";"@alya_iuskiv"
"365";"viktoria_kovalenko____";"21:20:58 17-05-2021";"@annashyshkina"
"366";"marianna_ka5";"21:20:59 17-05-2021";"@violettachernokol"
"367";"viktoria_kovalenko____";"21:21:04 17-05-2021";"@zubeevandrei"
"368";"marianna_ka5";"21:21:04 17-05-2021";"@anna_87super"
"369";"marianna_ka5";"21:21:10 17-05-2021";"@alinapavlenko25061989"
"370";"marianna_ka5";"21:21:20 17-05-2021";"@alinka_musienko"
"371";"marianna_ka5";"21:21:26 17-05-2021";"@a_lipei_dmytriieva"
"372";"marianna_ka5";"21:21:32 17-05-2021";"@aleksa23081988"
"373";"marianna_ka5";"21:21:42 17-05-2021";"@aleksandrovna007i"
"374";"marianna_ka5";"21:21:49 17-05-2021";"@alena_remix"
"375";"vlasiuksavchuk";"21:33:33 17-05-2021";"@myroslavakopievskaya"
"376";"natalya_shulika";"21:37:55 17-05-2021";"@yulialobachevskaya"
"377";"natalya_shulika";"21:38:05 17-05-2021";"@helena_shapran"
"378";"ksiusha.glushkova";"21:42:46 17-05-2021";"@yurii_bielikov"
"379";"ksiusha.glushkova";"21:42:49 17-05-2021";"@irinairina3586"
"380";"ksiusha.glushkova";"21:42:51 17-05-2021";"@sardakivska"
"381";"ksiusha.glushkova";"21:42:54 17-05-2021";"@docnelin"
"382";"ksiusha.glushkova";"21:42:57 17-05-2021";"@elenazhuzhoma5673"
"383";"ksiusha.glushkova";"21:43:00 17-05-2021";"@goncharuk371"
"384";"ksiusha.glushkova";"21:43:03 17-05-2021";"@galina_tverdunova"
"385";"ksiusha.glushkova";"21:43:07 17-05-2021";"@katushka15.33"
"386";"ksiusha.glushkova";"21:43:12 17-05-2021";"@kaliberda_stanislav"
"387";"ksiusha.glushkova";"21:43:18 17-05-2021";"@kaliberdastanislav"
"388";"poltavets221241";"21:45:26 17-05-2021";"@oksanakozachuk4519"
"389";"poltavets221241";"21:45:34 17-05-2021";"@oksanka080690"
"390";"margo_mar18";"21:57:32 17-05-2021";"@mamchur.natasha"
"391";"vikusia_surmenko";"22:02:41 17-05-2021";"@sologub.vita"
"392";"vikusia_surmenko";"22:02:51 17-05-2021";"@tanichka_mmm"
"393";"vikusia_surmenko";"22:02:58 17-05-2021";"@katte_pl"
"394";"vikusia_surmenko";"22:03:03 17-05-2021";"@diasia_tkachenko"
"395";"lusien_ua";"22:28:00 17-05-2021";"@lesua_mitritsan_decoupag"
"396";"lusien_ua";"22:28:07 17-05-2021";"@lovehuit"
"397";"lusien_ua";"22:28:21 17-05-2021";"@reiter_oksana"
"398";"lusien_ua";"22:28:31 17-05-2021";"@ermoshynaviktoriia"
"399";"lusien_ua";"22:28:51 17-05-2021";"@marysiamyrr"
"400";"nastya.kopotun";"22:58:20 17-05-2021";"@jarvvs"
"401";"p_ir4ik";"23:47:13 17-05-2021";"@_dariita_"
"402";"p_ir4ik";"23:47:35 17-05-2021";"@baylen10"
"403";"vitalinakhapilina";"00:12:25 18-05-2021";"@mr.khapilin"
"404";"vitalinakhapilina";"00:12:38 18-05-2021";"@mr.khapilin"
"405";"dinabulygina6088";"01:40:28 18-05-2021";"@mironenko4444"
"406";"dinabulygina6088";"01:40:36 18-05-2021";"@alenkapelepas"
"407";"dinabulygina6088";"01:40:43 18-05-2021";"@tomochka_kravchuk"
"408";"dinabulygina6088";"01:40:50 18-05-2021";"@koza.chok_elena"
"409";"dinabulygina6088";"01:41:00 18-05-2021";"@vita.burianova"
"410";"dinabulygina6088";"01:41:29 18-05-2021";"@alla_i.a"
"411";"dinabulygina6088";"01:41:37 18-05-2021";"@annushkagrace"
"412";"dinabulygina6088";"01:41:48 18-05-2021";"@for.mi.ca"
"413";"vita.burianova";"01:47:58 18-05-2021";"@vikki_boh"
"414";"vita.burianova";"01:48:06 18-05-2021";"@oksana.gnes"
"415";"vita.burianova";"01:48:42 18-05-2021";"@innaslukhay"
"416";"lyda_bond9";"06:55:12 18-05-2021";"@summer.june989"
"417";"lyda_bond9";"06:55:54 18-05-2021";"@bondarchukalexander"
"418";"lyda_bond9";"06:56:20 18-05-2021";"@sever.alina"
"419";"lyda_bond9";"06:56:38 18-05-2021";"@summer.june989"
"420";"lyda_bond9";"06:57:07 18-05-2021";"@krasnikova6596"
"421";"lyda_bond9";"06:57:33 18-05-2021";"@laptinovairina83"
"422";"yanna_bolshakova";"07:26:17 18-05-2021";"@olya_neupokoi"
"423";"yanna_bolshakova";"07:26:22 18-05-2021";"@26.inno4ka"
"424";"yanna_bolshakova";"07:26:26 18-05-2021";"@haidaichuk_inna"
"425";"yanna_bolshakova";"07:26:32 18-05-2021";"@sneshka_shytkevich"
"426";"yanna_bolshakova";"07:26:38 18-05-2021";"@zviryuka"
"427";"yanna_bolshakova";"07:26:43 18-05-2021";"@lena_faschuk"
"428";"yanna_bolshakova";"07:26:47 18-05-2021";"@lena33.86"
"429";"yanna_bolshakova";"07:27:17 18-05-2021";"@massage_irpen_24"
"430";"yanna_bolshakova";"07:27:26 18-05-2021";"@happysun6662"
"431";"yanna_bolshakova";"07:27:35 18-05-2021";"@olha_bilokin"
"432";"yanna_bolshakova";"07:27:45 18-05-2021";"@bolshaiavita"
"433";"yanna_bolshakova";"07:27:56 18-05-2021";"@na_stya248"
"434";"yanna_bolshakova";"07:28:03 18-05-2021";"@liubovbolshakova4"
"435";"yanna_bolshakova";"07:28:12 18-05-2021";"@3995.liza"
"436";"yanna_bolshakova";"07:28:31 18-05-2021";"@koval__nadia"
"437";"yanna_bolshakova";"07:28:50 18-05-2021";"@kvitka.accessories"
"438";"taniaukrayinska";"08:40:50 18-05-2021";"@lena.tarasyuk"
"439";"dasha_duka";"09:41:29 18-05-2021";"@svetlana.duka1"
"440";"dasha_duka";"09:41:35 18-05-2021";"@_annnnya_"
"441";"dasha_duka";"09:41:56 18-05-2021";"@anna_nails_irpen"
"442";"nestulia95";"09:44:19 18-05-2021";"@kalyuzhina.a"
"443";"nestulia95";"09:44:55 18-05-2021";"@karina_voronyuck"
"444";"nestulia95";"09:45:23 18-05-2021";"@yana_sun"
"445";"nestulia95";"09:46:46 18-05-2021";"@say_mwah"
"446";"anechka_frau";"09:50:50 18-05-2021";"@lera.rogozyanska"
"447";"anechka_frau";"09:50:54 18-05-2021";"@rusikbanka"
"448";"anechka_frau";"09:51:08 18-05-2021";"@leviafan_6"
"449";"gevelev";"10:06:24 18-05-2021";"@lyasya_"
"450";"lyasya_";"10:26:25 18-05-2021";"@gevelev"
"451";"lyasya_";"10:26:33 18-05-2021";"@anetta_rybak"
"452";"lyasya_";"10:27:14 18-05-2021";"@vitalina_ess"
"453";"lyasya_";"10:27:27 18-05-2021";"@an_ostapchuk"
"454";"gliceriya";"10:35:06 18-05-2021";"@iliaostrovskii2 ❤️"
"455";"galaluch";"12:27:16 18-05-2021";"@volkovskiy.alex"
"456";"galaluch";"12:27:27 18-05-2021";"@yani_ko_"
"457";"galaluch";"12:27:51 18-05-2021";"@a_lln"
"458";"a_lln";"12:35:26 18-05-2021";"@galaluch"
"459";"a_lln";"12:35:32 18-05-2021";"@darinkamaiskaia"
"460";"a_lln";"12:35:41 18-05-2021";"@lesja.art"
"461";"a_lln";"12:35:46 18-05-2021";"@petrash_maria"
"462";"anyuta_khimiak";"13:05:45 18-05-2021";"@nikolaikhimiak"
"463";"anyuta_khimiak";"13:05:51 18-05-2021";"@sharp_93"
"464";"lesja.art";"13:59:09 18-05-2021";"@a_lln"
"465";"lesja.art";"13:59:23 18-05-2021";"@ange.beautty"
"466";"lesja.art";"13:59:41 18-05-2021";"@sudrab_natalia"
"467";"lesja.art";"14:00:26 18-05-2021";"@natalia_kulia"
"468";"lesja.art";"14:00:39 18-05-2021";"@tokiinatalia"
"469";"anetta_rybak";"14:04:30 18-05-2021";"@lyasya_"
"470";"anetta_rybak";"14:04:38 18-05-2021";"@polimelnik"
"471";"anetta_rybak";"14:04:55 18-05-2021";"@kateryna.makarenko"
"472";"anetta_rybak";"14:06:45 18-05-2021";"@gevelev"
"473";"a_lln";"14:51:19 18-05-2021";"@vet_oksana.ignat"
"474";"anyuta_khimiak";"15:02:57 18-05-2021";"@ruslanvolunets"
"475";"marianna_ka5";"15:56:01 18-05-2021";"@kristin_tinaflame"
"476";"marianna_ka5";"15:56:07 18-05-2021";"@koc_alek"
"477";"marianna_ka5";"15:56:13 18-05-2021";"@konon.natasha"
"478";"marianna_ka5";"15:56:18 18-05-2021";"@konstantinudod"
"479";"marianna_ka5";"15:56:22 18-05-2021";"@kryzhanivska_k"
"480";"marianna_ka5";"15:56:26 18-05-2021";"@yliakovriga"
"481";"marianna_ka5";"15:56:31 18-05-2021";"@kseniia.galchenko"
"482";"marianna_ka5";"15:56:36 18-05-2021";"@tetyana_kuleshova2602"
"483";"marianna_ka5";"15:56:41 18-05-2021";"@kolosenkoa"
"484";"marianna_ka5";"15:56:47 18-05-2021";"@kate.shyma1"
"485";"marianna_ka5";"15:56:53 18-05-2021";"@sir_j_kostko"
"486";"marianna_ka5";"15:56:58 18-05-2021";"@katruxas_handmade"
"487";"marianna_ka5";"15:57:03 18-05-2021";"@serg_sergey"
"488";"_savina_2901";"15:58:35 18-05-2021";"@__m.a.l.i.n.k.a__k.b"
"489";"anyuta_khimiak";"16:03:11 18-05-2021";"@m.zapesochnaya"
"490";"lu.vika._chka";"16:15:27 18-05-2021";"@kate_karaia"
"491";"lu.vika._chka";"16:15:35 18-05-2021";"@katemart_psy"
"492";"lu.vika._chka";"16:15:47 18-05-2021";"@anyuta__olegovna"
"493";"lu.vika._chka";"16:16:53 18-05-2021";"@vitaliikaryi"
"494";"lu.vika._chka";"16:17:16 18-05-2021";"@inna_reminna_"
"495";"lu.vika._chka";"16:17:23 18-05-2021";"@liudmila.8545"
"496";"lu.vika._chka";"16:17:29 18-05-2021";"@olgapartola"
"497";"liudmila.8545";"16:24:06 18-05-2021";"@bessonova_as"
"498";"liudmila.8545";"16:24:27 18-05-2021";"@bezsonovalekcei1987"
"499";"liudmila.8545";"16:24:56 18-05-2021";"@parkhomenkool4ik"
"500";"tutvv1";"16:53:01 18-05-2021";"@tut.ok"
"501";"tutvv1";"16:53:07 18-05-2021";"@petelkaua"
"502";"petelkaua";"16:55:29 18-05-2021";"@tutvv1"
"503";"petelkaua";"16:55:42 18-05-2021";"@konstant_sokolenko"
"504";"baby_shop_stok";"17:17:42 18-05-2021";"@matola.e"
"505";"baby_shop_stok";"17:17:56 18-05-2021";"@kosik_juli"
"506";"baby_shop_stok";"17:18:33 18-05-2021";"@t_butskaya"
"507";"baby_shop_stok";"17:18:42 18-05-2021";"@julia_melyakh"
"508";"baby_shop_stok";"17:18:51 18-05-2021";"@k_o.n.s.t.a.n.t.i.n.o.v.a"
"509";"baby_shop_stok";"17:19:00 18-05-2021";"@anastasiiazhdanova3656"
"510";"baby_shop_stok";"17:19:06 18-05-2021";"@ship__anastasia"
"511";"baby_shop_stok";"17:19:21 18-05-2021";"@n_necheporenko"
"512";"baby_shop_stok";"17:19:26 18-05-2021";"@neshta_anastasiia"
"513";"baby_shop_stok";"17:19:39 18-05-2021";"@nast1a_s"
"514";"baby_shop_stok";"17:19:46 18-05-2021";"@boiko.anastasija2015"
"515";"baby_shop_stok";"17:19:51 18-05-2021";"@k_mozgova_"
"516";"baby_shop_stok";"17:19:59 18-05-2021";"@bbarsik1991"
"517";"baby_shop_stok";"17:20:04 18-05-2021";"@kutsevliakkarina"
"518";"baby_shop_stok";"17:20:45 18-05-2021";"@karineee91"
"519";"baby_shop_stok";"17:21:02 18-05-2021";"@kudelina_karina"
"520";"baby_shop_stok";"17:21:13 18-05-2021";"@zatsarnaya_sveta"
"521";"baby_shop_stok";"17:21:19 18-05-2021";"@belyaeva__tanya__"
"522";"baby_shop_stok";"17:21:23 18-05-2021";"@ailis_sh"
"523";"z_vlaadislava";"17:28:11 18-05-2021";"@vita.minkkaa"
"524";"nk_bratchyk";"17:39:18 18-05-2021";"@andre_tottikoryak"
"525";"nk_bratchyk";"17:39:24 18-05-2021";"@vitalina_volkova88"
"526";"nk_bratchyk";"17:39:29 18-05-2021";"@ka.lash_"
"527";"moan_makeupnail_boutique";"17:47:08 18-05-2021";"@julyaburdun"
"528";"moan_makeupnail_boutique";"17:47:35 18-05-2021";"@viki3507"
"529";"moan_makeupnail_boutique";"17:47:44 18-05-2021";"@n.markk"
"530";"tut.ok";"17:59:56 18-05-2021";"@tutvv1"
"531";"tut.ok";"18:00:01 18-05-2021";"@sokol.kot"
"532";"tut.ok";"18:00:49 18-05-2021";"@iryna_holovchenko"
"533";"_.crezy_lady_";"18:10:48 18-05-2021";"Крутый розыгрыш судовольствием участвуют 🔥 @diankaaprivatt"
"534";"gaumarjosgeowinecafe";"18:32:28 18-05-2021";"@_.crezy_lady_ Бажаємо вам удачі🙌😍"
"535";"ka.lash_";"18:36:50 18-05-2021";"@nk_bratchyk"
"536";"ka.lash_";"18:36:58 18-05-2021";"@__vladislava__vadimovna__"
"537";"ka.lash_";"18:37:08 18-05-2021";"@saba.s.28"
"538";"ka.lash_";"18:37:24 18-05-2021";"@anzhelika_lavrinenko"
"539";"ka.lash_";"18:37:36 18-05-2021";"@julia__brunette"
"540";"ka.lash_";"18:37:41 18-05-2021";"@zlata_shi"
"541";"ka.lash_";"18:37:49 18-05-2021";"@kovalevaja"
"542";"anyuta_khimiak";"20:38:01 18-05-2021";"@nikolaikhimiak"
"543";"_alex_glushko";"21:41:55 18-05-2021";"@thegogobogo"
"544";"rudiuklidiia";"22:39:19 18-05-2021";"@mihailenko_tany"
"545";"rudiuklidiia";"22:40:18 18-05-2021";"@rudiukmisha"
"546";"rudiuklidiia";"22:40:26 18-05-2021";"@den.ruduk"
"547";"rudiuklidiia";"22:40:33 18-05-2021";"@alika_goik"
"548";"kravchenko_alonka";"08:23:25 19-05-2021";"@katherinadorogova"
"549";"vikulka2143";"10:21:38 19-05-2021";"Всем желаю удачи в конкурсе🔥"
"550";"gaumarjosgeowinecafe";"11:19:03 19-05-2021";"@vikulka2143 🙌❤️"
"551";"marina_bukhonska";"11:51:35 19-05-2021";"@vitalii.keba"
"552";"marina_bukhonska";"11:52:03 19-05-2021";"@olga_okhrimyk"
"553";"anyuta_khimiak";"14:29:59 19-05-2021";"@nikolaikhimiak"
"554";"chornat13";"15:56:46 19-05-2021";"@irren_photo"
"555";"chornat13";"15:56:55 19-05-2021";"@lystyuknina"
"556";"chornat13";"15:57:07 19-05-2021";"@iryna_sahaidak"
"557";"chornat13";"15:57:15 19-05-2021";"@chernaya_a_i"
"558";"chornat13";"15:57:26 19-05-2021";"@solomvasylynych"
"559";"solomvasylynych";"17:50:01 19-05-2021";"@yavorskayaa_alena"
"560";"solomvasylynych";"17:50:09 19-05-2021";"@chornat13"
"561";"solomvasylynych";"17:50:17 19-05-2021";"@s.linchik"
"562";"solomvasylynych";"17:50:30 19-05-2021";"@valeryvasylynych"
"563";"solomvasylynych";"17:51:14 19-05-2021";"@i.vdovin"
"564";"danisimovaaa";"22:13:27 19-05-2021";"@adrianzpcity"
"565";"missolya.33";"23:10:07 19-05-2021";"@ivanova___yana"
"566";"missolya.33";"23:10:13 19-05-2021";"@anastasiia_levengard"
"567";"missolya.33";"23:10:20 19-05-2021";"@miss.anastasia_krav"
"568";"missolya.33";"23:10:27 19-05-2021";"@anastazikoreysha"
"569";"missolya.33";"23:10:30 19-05-2021";"@ivanova___yana"
"570";"missolya.33";"23:10:49 19-05-2021";"@ivanova___yana"
"571";"missolya.33";"23:11:05 19-05-2021";"@ivanova___yana"
"572";"dasha_duka";"00:01:33 20-05-2021";"@m_bratushchyk"
"573";"dasha_duka";"00:01:37 20-05-2021";"@_annnnya_"
"574";"dasha_duka";"00:01:40 20-05-2021";"@anngluschencko"
"575";"dasha_duka";"00:01:46 20-05-2021";"@svetlana.duka1"
"576";"anastasiya.lozovaya";"09:41:05 20-05-2021";"@helen_oliinyk"
"577";"anastasiya.lozovaya";"09:41:12 20-05-2021";"@marina.prus"
"578";"anastasiya.lozovaya";"09:41:18 20-05-2021";"@shashenochka"
"579";"anastasiya.lozovaya";"09:41:32 20-05-2021";"@shashenochka"
"580";"anastasiya.lozovaya";"09:41:55 20-05-2021";"@shashenochka"
"581";"anastasiya.lozovaya";"09:42:20 20-05-2021";"@ilariya_ya"
"582";"anastasiya.lozovaya";"09:42:40 20-05-2021";"@ilariya_ya"
"583";"alla_nychyporchuk";"17:54:35 20-05-2021";"@mariia_akiol"
"584";"alla_nychyporchuk";"18:01:36 20-05-2021";"@tanya.tours"
"585";"mariia_akiol";"18:02:58 20-05-2021";"@alla_nychyporchuk"
"586";"mariia_akiol";"18:06:53 20-05-2021";"@altai_akiol"
"587";"missolya.33";"00:11:50 21-05-2021";"@kiss_of_hope"
"588";"missolya.33";"00:11:56 21-05-2021";"@kseniakolubai"
"589";"missolya.33";"00:13:12 21-05-2021";"@uyrkov2"
"590";"missolya.33";"00:13:19 21-05-2021";"@galinka.orishich"
"591";"missolya.33";"00:13:29 21-05-2021";"@a_yakubovskaya_"
"592";"missolya.33";"00:13:40 21-05-2021";"@svetlana_light7"
"593";"sweetkamelia";"18:31:24 21-05-2021";"@_voronalexey"
"594";"katherine__bs";"18:36:14 21-05-2021";"@ilona.fiialo"
"595";"katherine__bs";"18:36:18 21-05-2021";"@sofia_zhukovska"
"596";"katherine__bs";"18:36:25 21-05-2021";"@ma.sha.v"
"597";"katherine__bs";"18:36:28 21-05-2021";"@mashka_kushch"
"598";"katherine__bs";"18:36:34 21-05-2021";"@yanapanasiuk"
"599";"katherine__bs";"18:36:39 21-05-2021";"@lina.dordiuk"
"600";"katherine__bs";"18:37:25 21-05-2021";"@marinaaa_balandina"
"601";"katherine__bs";"18:37:38 21-05-2021";"@marynadyk_21"
"602";"zakharova281816";"21:27:48 21-05-2021";"@zaxap83"
"603";"zakharova281816";"21:28:17 21-05-2021";"@marizxw18"
"604";"zakharova281816";"21:28:20 21-05-2021";"@zaxap83"
"605";"zakharova281816";"21:28:40 21-05-2021";"@zaxap83"
"606";"zakharova281816";"21:28:54 21-05-2021";"@bocharovaekaterina88"
"607";"zakharova281816";"21:29:10 21-05-2021";"@kuznetsovakaterin"
"608";"lesenka84";"15:30:22 22-05-2021";"@aleksandra.reztsova"
"609";"lesenka84";"15:30:50 22-05-2021";"@kutsanalena"
"610";"lesenka84";"15:31:02 22-05-2021";"@sasha.reztsova"
"611";"lesenka84";"15:31:16 22-05-2021";"@galina.primakova"
"612";"lesenka84";"15:31:24 22-05-2021";"@ilonagavrylova"
"613";"lesenka84";"15:31:32 22-05-2021";"@nataliia.grigorenko.16"
"614";"lesenka84";"15:31:43 22-05-2021";"@ludmilailyina"
"615";"lesenka84";"15:32:00 22-05-2021";"@iren2604"
"616";"vv.ii.ii";"20:24:43 22-05-2021";"@alexkozzzlyuk"
"617";"vv.ii.ii";"20:24:47 22-05-2021";"@ivannaparkhomenko21"
"618";"vv.ii.ii";"20:24:50 22-05-2021";"@katron4ik94"
"619";"vv.ii.ii";"20:25:09 22-05-2021";"@ivannaparkhomenko21"
"620";"vv.ii.ii";"20:25:11 22-05-2021";"@alexkozzzlyuk"
"621";"yulialobachevskaya";"22:48:12 22-05-2021";"@irinapomazanova"
"622";"yulialobachevskaya";"22:48:50 22-05-2021";"@dabizhaanna"
"623";"yulialobachevskaya";"22:49:09 22-05-2021";"@natalya_shulika"
"624";"mariia_akiol";"09:21:10 23-05-2021";"@alla_nychyporchuk"
"625";"ksenia.369_";"18:05:36 23-05-2021";"@iaroslavakurinna"
"626";"yuriivna573";"18:14:42 23-05-2021";"@yuliyakyslytska"
"627";"anyuta_khimiak";"20:10:28 23-05-2021";"@nikolaikhimiak"
"628";"marinasardanova";"22:52:50 23-05-2021";"@oliaa.liaa"
"629";"nu_bakka_";"12:01:15 24-05-2021";"@darinka_shpilka"
"630";"nu_bakka_";"12:01:21 24-05-2021";"@bakkalinskiiandrii"
"631";"nu_bakka_";"12:01:27 24-05-2021";"@irpen_garagesale_anna"
"632";"nu_bakka_";"12:01:44 24-05-2021";"@aleks_dion"
"633";"tanyastriletska";"16:28:40 24-05-2021";"@juliya_guchok"
"634";"tanyastriletska";"16:29:01 24-05-2021";"@natalichubeiko"
"635";"juliya_guchok";"16:29:11 24-05-2021";"@tanyastriletska"
"636";"juliya_guchok";"16:29:17 24-05-2021";"@ilona11_02"
"637";"tanyastriletska";"16:29:21 24-05-2021";"@natali.striletska"
"638";"juliya_guchok";"16:29:23 24-05-2021";"@natali.striletska"
"639";"juliya_guchok";"16:29:31 24-05-2021";"@__julia__pavlova_"
"640";"juliya_guchok";"16:29:38 24-05-2021";"@viktoria_ned_"
"641";"juliya_guchok";"16:29:44 24-05-2021";"@vika_marhel"
"642";"juliya_guchok";"16:29:49 24-05-2021";"@soniia_kononets"
"643";"juliya_guchok";"16:30:05 24-05-2021";"@j_alex_na17"
"644";"juliya_guchok";"16:30:17 24-05-2021";"@dasha__.2dasha"
"645";"juliya_guchok";"16:30:27 24-05-2021";"@jane_0st"
"646";"juliya_guchok";"16:30:33 24-05-2021";"@_diiiiiiiiiiiii"
"647";"juliya_guchok";"16:30:53 24-05-2021";"@karina.v.20"
"648";"juliya_guchok";"16:31:01 24-05-2021";"@litvinenko.katiaa"
"649";"juliya_guchok";"16:31:15 24-05-2021";"@ulyana_lazaruk"
"650";"juliya_guchok";"16:31:35 24-05-2021";"@berezovska.lesia"
"651";"juliya_guchok";"16:31:41 24-05-2021";"@barc_7"
"652";"juliya_guchok";"16:31:46 24-05-2021";"@rimma_zastupaeva"
"653";"ann_t68";"17:53:53 24-05-2021";"@_l._a._18_"
"654";"ann_t68";"17:54:00 24-05-2021";"@_s._a._18_"
"655";"ann_t68";"17:54:06 24-05-2021";"@fimaboss"
"656";"ann_t68";"17:54:18 24-05-2021";"@ekaterinamushtaeva"
"657";"podoydee";"18:53:37 24-05-2021";"@samsoboychik"
"658";"podoydee";"18:53:51 24-05-2021";"@korobova.liliana"
"659";"podoydee";"18:53:59 24-05-2021";"@kalyuzhina.a"
"660";"podoydee";"18:54:16 24-05-2021";"@power69power"
"661";"podoydee";"18:54:34 24-05-2021";"@qwwwwwwwwwqqqwwwwwwwwwwwwwqqqq"
"662";"podoydee";"18:54:45 24-05-2021";"@the.solpri"
"663";"podoydee";"18:54:56 24-05-2021";"@_bismut_"
"664";"podoydee";"18:55:12 24-05-2021";"@solnceprivet"
"665";"podoydee";"18:55:27 24-05-2021";"@privetsolncem"
"666";"podoydee";"18:55:45 24-05-2021";"@viktoriaaa_vasilevna"
"667";"skvrskkk";"18:56:40 24-05-2021";"@podoydee"
"668";"skvrskkk";"18:56:43 24-05-2021";"@samsoboychik"
"669";"skvrskkk";"18:56:53 24-05-2021";"@bamboochoo"
"670";"kosukhinai";"19:04:47 24-05-2021";"@anastasssi.a"
"671";"kosukhinai";"19:05:18 24-05-2021";"@varshrs"
"672";"kosukhinai";"19:05:33 24-05-2021";"@andrey_koss777"
"673";"kosukhinai";"19:05:48 24-05-2021";"@natali_kozmodemianova"
"674";"kosukhinai";"19:06:04 24-05-2021";"@kosukhina.liubov"
"675";"kosukhinai";"19:06:30 24-05-2021";"@mikhailo1237"
"676";"natalakotova";"19:22:47 24-05-2021";"@2avram1337"
"677";"natalakotova";"19:22:54 24-05-2021";"@__kostya__kotov__"
"678";"natalakotova";"19:23:05 24-05-2021";"@tatiana.sakharchuk"
"679";"viktoriya_and_ameli";"16:12:01 25-05-2021";"@lina_iaremenko"
"680";"viktoriya_and_ameli";"16:12:12 25-05-2021";"@irren_photo"
"681";"lina_iaremenko";"16:22:51 25-05-2021";"@helena.antares"
"682";"lina_iaremenko";"16:22:55 25-05-2021";"@viktoriya_and_ameli"
"683";"lina_iaremenko";"16:23:00 25-05-2021";"@viktoriia_kovalskaya"
"684";"lina_iaremenko";"16:23:05 25-05-2021";"@milabrashovyanu"
"685";"mal.vinka96";"13:21:56 26-05-2021";"@dana.semeniuk"
"686";"mal.vinka96";"13:21:57 26-05-2021";"@dori_dori75"
"687";"mal.vinka96";"13:21:58 26-05-2021";"@katinka1693"
"688";"mal.vinka96";"13:22:06 26-05-2021";"@killikovska"
"689";"mal.vinka96";"13:22:08 26-05-2021";"@dinel.li"
"690";"mal.vinka96";"13:22:09 26-05-2021";"@o.sonia7772"
"691";"viktoriya_and_ameli";"14:01:18 26-05-2021";"@lienavozna"
"692";"viktoriya_and_ameli";"14:01:26 26-05-2021";"@lily_milashka"
"693";"viktoriya_and_ameli";"14:01:32 26-05-2021";"@katerinazditovetskaya"
"694";"viktoriya_and_ameli";"14:01:36 26-05-2021";"@marta.grigorieva"
"695";"viktoriya_and_ameli";"14:01:40 26-05-2021";"@mari_holiday"
"696";"viktoriya_and_ameli";"14:01:45 26-05-2021";"@marina_ovchunnikova"
"697";"viktoriya_and_ameli";"14:01:50 26-05-2021";"@macrame_by_ameli"
"698";"viktoriya_and_ameli";"14:01:55 26-05-2021";"@andreiko_mariana"
"699";"viktoriya_and_ameli";"14:01:59 26-05-2021";"@natamasiukova"
"700";"viktoriya_and_ameli";"14:02:06 26-05-2021";"@mazurphoto"
"701";"viktoriya_and_ameli";"14:02:10 26-05-2021";"@m.d.foto"
"702";"viktoriya_and_ameli";"14:02:24 26-05-2021";"@natamasiukova"
"703";"srakapavuka";"15:56:37 26-05-2021";"@098nt"
"704";"srakapavuka";"15:56:47 26-05-2021";"@elena__tereshchenko_"
"705";"srakapavuka";"15:56:51 26-05-2021";"@fille_caroline"
"706";"srakapavuka";"15:56:56 26-05-2021";"@dariaaa_mir"
"707";"lizzza.korzh";"20:47:15 26-05-2021";"@mister.korzh"
"708";"lizzza.korzh";"20:47:27 26-05-2021";"@diana122podrezova"
"709";"lizzza.korzh";"20:47:35 26-05-2021";"@angelika_kuzmenko77"
"710";"lizzza.korzh";"20:47:46 26-05-2021";"@korzhnatali1204"
"711";"milaludmila1";"21:53:37 26-05-2021";"@darinakorolyova"
"712";"katiushka_kolesnik";"23:21:42 26-05-2021";"@bobrovnik_17"
"713";"katiushka_kolesnik";"23:21:46 26-05-2021";"@_28.05___"
"714";"katiushka_kolesnik";"23:21:50 26-05-2021";"@shkliar326"
"715";"katiushka_kolesnik";"23:21:53 26-05-2021";"@stason372"
"716";"katiushka_kolesnik";"23:21:57 26-05-2021";"@12300soroka"
"717";"katiushka_kolesnik";"23:22:02 26-05-2021";"@vanya35339"
"718";"katiushka_kolesnik";"23:22:08 26-05-2021";"@vov3157"
"719";"katiushka_kolesnik";"23:22:13 26-05-2021";"@44_09_66"
"720";"katiushka_kolesnik";"23:22:20 26-05-2021";"@kolesnik7640"
"721";"katiushka_kolesnik";"23:22:32 26-05-2021";"@madina_4892"
"722";"katiushka_kolesnik";"23:22:42 26-05-2021";"@5263787_"
"723";"katiushka_kolesnik";"23:22:47 26-05-2021";"@6172.dimas"
"724";"katiushka_kolesnik";"23:22:55 26-05-2021";"@fedienko_777"
"725";"katiushka_kolesnik";"23:23:00 26-05-2021";"@ukrop4ik_88"
"726";"katiushka_kolesnik";"23:23:12 26-05-2021";"@_molodoy_83_"
"727";"katiushka_kolesnik";"23:23:17 26-05-2021";"@dimasik_833_"
"728";"katiushka_kolesnik";"23:23:22 26-05-2021";"@lisak9917"
"729";"katiushka_kolesnik";"23:23:28 26-05-2021";"@pgutkowski99"
"730";"katiushka_kolesnik";"23:23:33 26-05-2021";"@nadyushamikhaylova98"
"731";"katiushka_kolesnik";"23:23:37 26-05-2021";"@a0975530352"
"732";"katiushka_kolesnik";"23:23:43 26-05-2021";"@0_m.a.m.m.y_0"
"733";"katiushka_kolesnik";"23:23:47 26-05-2021";"@iuliia.storozhuk"
"734";"katiushka_kolesnik";"23:23:51 26-05-2021";"@___eli.za.bet___"
"735";"katiushka_kolesnik";"23:24:15 26-05-2021";"@mariyrchyk"
"736";"katiushka_kolesnik";"23:24:22 26-05-2021";"@svitlana.stadchenko"
"737";"katiushka_kolesnik";"23:24:27 26-05-2021";"@mamadasha97"
"738";"katiushka_kolesnik";"23:24:31 26-05-2021";"@kirilkolesnik17"
"739";"katiushka_kolesnik";"23:24:35 26-05-2021";"@dcvetkova625"
"740";"katiushka_kolesnik";"23:24:40 26-05-2021";"@potapinastya23"
"741";"katiushka_kolesnik";"23:24:43 26-05-2021";"@svetagj29"
"742";"katiushka_kolesnik";"23:24:47 26-05-2021";"@poludnewitch94"
"743";"katiushka_kolesnik";"23:24:56 26-05-2021";"@manya_g_v_sha"
"744";"katiushka_kolesnik";"23:25:01 26-05-2021";"@marinka4110"
"745";"katiushka_kolesnik";"23:25:14 26-05-2021";"@angelinakolesnik11"
"746";"katiushka_kolesnik";"23:25:21 26-05-2021";"@maksim4k1"
"747";"katiushka_kolesnik";"23:25:29 26-05-2021";"@zaitsev_tolia"
"748";"katiushka_kolesnik";"23:25:42 26-05-2021";"@zabrodskaia419"
"749";"katiushka_kolesnik";"23:25:48 26-05-2021";"@m1ha1lovaaa"
"750";"katiushka_kolesnik";"23:28:32 26-05-2021";"@lisak9917"
"751";"katiushka_kolesnik";"23:28:35 26-05-2021";"@nadyushamikhaylova98"
"752";"anyuta_khimiak";"23:43:34 26-05-2021";"@nikolaikhimiak"
"753";"dasha_duka";"00:01:37 27-05-2021";"@_annnnya_"
"754";"dasha_duka";"00:01:43 27-05-2021";"@anna_nails_irpen"
"755";"dasha_duka";"00:01:47 27-05-2021";"@svetlana.duka1"
"756";"dasha_duka";"00:01:52 27-05-2021";"@m_bratushchyk"
"757";"dasha_duka";"00:02:00 27-05-2021";"@meow_neli"
"758";"_iren__vladimirovna_";"00:18:22 27-05-2021";"@mysykdima"
"759";"_iren__vladimirovna_";"00:18:35 27-05-2021";"@raisakudelskaia"
"760";"_iren__vladimirovna_";"00:19:00 27-05-2021";"@kobylinska.inna"
"761";"_iren__vladimirovna_";"00:19:11 27-05-2021";"@mashka___mushka"
"762";"_iren__vladimirovna_";"00:19:39 27-05-2021";"@vadik_smail_"
"763";"_iren__vladimirovna_";"00:19:48 27-05-2021";"@yankiin"
"764";"_iren__vladimirovna_";"00:20:04 27-05-2021";"@natali__zakharchuk"
"765";"_iren__vladimirovna_";"00:20:23 27-05-2021";"@karina.vyacheslavovna"
"766";"_iren__vladimirovna_";"00:20:39 27-05-2021";"@alvinazarudna"
"767";"_iren__vladimirovna_";"00:21:08 27-05-2021";"@gurbanovakris"
"768";"lesiakomlyk";"00:50:38 27-05-2021";"@natalakotova"
"769";"lesiakomlyk";"00:50:46 27-05-2021";"@olga_dobravskaya"
"770";"lesiakomlyk";"00:50:52 27-05-2021";"@borodich_marina"
"771";"lesiakomlyk";"00:51:00 27-05-2021";"@annya.psy"
"772";"lesiakomlyk";"00:51:07 27-05-2021";"@annaboiko947"
"773";"lesiakomlyk";"00:51:13 27-05-2021";"@daniil_bdr"
"774";"lesiakomlyk";"00:51:36 27-05-2021";"@bdr_daniil"
"775";"lesiakomlyk";"00:51:53 27-05-2021";"@a_eremenko3101"
"776";"lesiakomlyk";"00:52:06 27-05-2021";"@ekaterina_samoliuk_"
"777";"lesiakomlyk";"00:52:21 27-05-2021";"@marina_dolynets"
"778";"lesiakomlyk";"00:52:29 27-05-2021";"@lesiagontarieva"
"779";"lesiakomlyk";"00:52:41 27-05-2021";"@lesiagorelykh"
"780";"mal.vinka96";"02:23:38 27-05-2021";"@marichka_struk"
"781";"mal.vinka96";"02:23:40 27-05-2021";"@nasti20_19"
"782";"mal.vinka96";"02:23:41 27-05-2021";"@mihlanova"
"783";"mal.vinka96";"02:23:48 27-05-2021";"@darimoond"
"784";"mal.vinka96";"02:23:55 27-05-2021";"@sabinka3623"
"785";"mal.vinka96";"02:23:59 27-05-2021";"@nanita17126"
"786";"mal.vinka96";"02:32:42 27-05-2021";"@malinka23077"
"787";"mal.vinka96";"02:32:46 27-05-2021";"@dasti1246"
"788";"mal.vinka96";"02:32:47 27-05-2021";"@pretty_nanik"
"789";"mal.vinka96";"02:32:57 27-05-2021";"@koronaeva7"
"790";"mal.vinka96";"02:33:04 27-05-2021";"@polinska777"
"791";"mal.vinka96";"02:33:07 27-05-2021";"@larisa.36"
"792";"mal.vinka96";"02:33:14 27-05-2021";"@valiushamakaoenko"
"793";"mal.vinka96";"02:33:23 27-05-2021";"@kristina_fridrix"
"794";"mal.vinka96";"02:33:25 27-05-2021";"@iraklimoshenko"
"795";"mal.vinka96";"02:33:36 27-05-2021";"@meri.huk"
"796";"mal.vinka96";"02:33:39 27-05-2021";"@pavliuk9283"
"797";"mal.vinka96";"02:33:40 27-05-2021";"@ruslana_yarmoliuk"
"798";"mal.vinka96";"02:33:53 27-05-2021";"@ellight19"
"799";"mal.vinka96";"02:33:55 27-05-2021";"@anjelikayakovchuk"
"800";"mal.vinka96";"02:33:57 27-05-2021";"@juliashostak"
"801";"mal.vinka96";"02:34:11 27-05-2021";"@irisha_sheva"
"802";"mal.vinka96";"02:34:12 27-05-2021";"@a.l.y.o.n.k.a7777"
"803";"mal.vinka96";"02:34:13 27-05-2021";"@aleswift.j"
"804";"mal.vinka96";"02:34:26 27-05-2021";"@lilya.yushchuk"
"805";"mal.vinka96";"02:34:28 27-05-2021";"@kristii_top"
"806";"mal.vinka96";"02:34:29 27-05-2021";"@dianag1561"
"807";"nonka_09";"02:50:59 27-05-2021";"@dana.semeniuk"
"808";"nonka_09";"02:51:00 27-05-2021";"@dori_dori75"
"809";"nonka_09";"02:51:01 27-05-2021";"@katinka1693"
"810";"nonka_09";"02:51:19 27-05-2021";"@killikovska"
"811";"nonka_09";"02:51:20 27-05-2021";"@dinel.li"
"812";"nonka_09";"02:51:21 27-05-2021";"@o.sonia7772"
"813";"nonka_09";"02:52:13 27-05-2021";"@marichka_struk"
"814";"nonka_09";"02:52:14 27-05-2021";"@nasti20_19"
"815";"nonka_09";"02:52:15 27-05-2021";"@mihlanova"
"816";"nonka_09";"02:52:24 27-05-2021";"@darimoond"
"817";"nonka_09";"02:52:25 27-05-2021";"@sabinka3623"
"818";"nonka_09";"02:52:27 27-05-2021";"@nanita17126"
"819";"nonka_09";"02:52:35 27-05-2021";"@malinka23077"
"820";"nonka_09";"02:52:36 27-05-2021";"@dasti1246"
"821";"nonka_09";"02:52:38 27-05-2021";"@pretty_nanik"
"822";"nonka_09";"02:52:46 27-05-2021";"@koronaeva7"
"823";"nonka_09";"02:52:48 27-05-2021";"@polinska777"
"824";"nonka_09";"02:52:49 27-05-2021";"@larisa.36"
"825";"nonka_09";"02:53:11 27-05-2021";"@valiushamakaoenko"
"826";"nonka_09";"02:53:12 27-05-2021";"@kristina_fridrix"
"827";"nonka_09";"02:53:13 27-05-2021";"@iraklimoshenko"
"828";"nonka_09";"02:53:24 27-05-2021";"@meri.huk"
"829";"nonka_09";"02:53:25 27-05-2021";"@pavliuk9283"
"830";"nonka_09";"02:53:26 27-05-2021";"@ruslana_yarmoliuk"
"831";"nonka_09";"02:53:41 27-05-2021";"@ellight19"
"832";"nonka_09";"02:53:42 27-05-2021";"@anjelikayakovchuk"
"833";"nonka_09";"02:53:43 27-05-2021";"@juliashostak"
"834";"nonka_09";"02:53:56 27-05-2021";"@irisha_sheva"
"835";"nonka_09";"02:53:57 27-05-2021";"@a.l.y.o.n.k.a7777"
"836";"nonka_09";"02:53:58 27-05-2021";"@aleswift.j"
"837";"nonka_09";"02:54:14 27-05-2021";"@lilya.yushchuk"
"838";"nonka_09";"02:54:17 27-05-2021";"@kristii_top"
"839";"nonka_09";"02:54:20 27-05-2021";"@dianag1561"
"840";"natalakotova";"06:56:44 27-05-2021";"@lesiakomlyk"
"841";"anastasiia_bordiian";"09:51:15 27-05-2021";"@trachuk_viktoriia"
"842";"anastasiia_bordiian";"09:51:34 27-05-2021";"@zoluwka"
"843";"anastasiia_bordiian";"09:52:08 27-05-2021";"@petrukelena"
"844";"nusik_anl";"11:02:12 27-05-2021";"@dana.semeniuk"
"845";"nusik_anl";"11:02:14 27-05-2021";"@dinel.li"
"846";"nusik_anl";"11:02:16 27-05-2021";"@o.sonia7772"
"847";"nusik_anl";"11:02:21 27-05-2021";"@dori_dori75"
"848";"nusik_anl";"11:02:22 27-05-2021";"@katinka1693"
"849";"nusik_anl";"11:02:24 27-05-2021";"@killikovska"
"850";"nusik_anl";"11:16:44 27-05-2021";"@marichka_struk"
"851";"nusik_anl";"11:16:45 27-05-2021";"@nasti20_19"
"852";"nusik_anl";"11:16:46 27-05-2021";"@mihlanova"
"853";"nusik_anl";"11:16:56 27-05-2021";"@darimoond"
"854";"nusik_anl";"11:16:57 27-05-2021";"@sabinka3623"
"855";"nusik_anl";"11:16:59 27-05-2021";"@nanita17126"
"856";"nusik_anl";"11:17:07 27-05-2021";"@malinka23077"
"857";"nusik_anl";"11:17:08 27-05-2021";"@dasti1246"
"858";"nusik_anl";"11:17:09 27-05-2021";"@pretty_nanik"
"859";"nusik_anl";"11:17:18 27-05-2021";"@koronaeva7"
"860";"nusik_anl";"11:17:20 27-05-2021";"@polinska777"
"861";"nusik_anl";"11:17:21 27-05-2021";"@larisa.36"
"862";"nusik_anl";"11:17:42 27-05-2021";"@valiushamakaoenko"
"863";"nusik_anl";"11:17:45 27-05-2021";"@kristina_fridrix"
"864";"nusik_anl";"11:17:59 27-05-2021";"@iraklimoshenko"
"865";"nusik_anl";"11:18:01 27-05-2021";"@meri.huk"
"866";"nusik_anl";"12:45:48 27-05-2021";"@valiushamakaoenko"
"867";"anyuta_khimiak";"17:17:21 27-05-2021";"@sharp_93"
"868";"viktoriya_and_ameli";"18:25:15 27-05-2021";"@___sonchik_sonya_"
"869";"viktoriya_and_ameli";"18:25:29 27-05-2021";"@a__ryashentseva"
"870";"viktoriya_and_ameli";"18:25:34 27-05-2021";"@olenka_glevamama"
"871";"viktoriya_and_ameli";"18:25:37 27-05-2021";"@olesia_polevyk"
"872";"oksanagadomskaia";"18:57:23 27-05-2021";"@maximgadomsky"
"873";"oksanagadomskaia";"18:57:37 27-05-2021";"@maximgadomsky"
"874";"viktoriya_and_ameli";"11:28:14 28-05-2021";"@shalenamamka"
"875";"viktoriya_and_ameli";"11:28:19 28-05-2021";"@egorchenko.yana"
"876";"viktoriya_and_ameli";"11:28:24 28-05-2021";"@janenesterova"
"877";"viktoriya_and_ameli";"16:15:50 29-05-2021";"@igor.fostenko"
"878";"viktoriya_and_ameli";"16:16:05 29-05-2021";"@alma_lashess"
"879";"varyatko_irpen";"00:32:09 30-05-2021";"@d.varava"
"880";"ann_demchenko02";"14:09:00 30-05-2021";"@demchenko3561"
"881";"ann_demchenko02";"14:09:09 30-05-2021";"@_kristina__sergeevna__"
"882";"ann_demchenko02";"14:09:17 30-05-2021";"@kalashnikova_ak_"
"883";"ann_demchenko02";"14:09:25 30-05-2021";"@aleksandraborysiuk"
"884";"ann_demchenko02";"14:09:31 30-05-2021";"@alinapotebenko"
"885";"ann_demchenko02";"14:09:39 30-05-2021";"@d.v.daria"
"886";"valeriyleonova";"18:56:22 30-05-2021";"@svetlana_i_prokhorova"
"887";"valeriyleonova";"18:56:26 30-05-2021";"@svo.maryana"
"888";"valeriyleonova";"18:56:38 30-05-2021";"@vik_vikina"
"889";"valeriyleonova";"18:56:44 30-05-2021";"@vodoleichik13"
"890";"valeriyleonova";"18:56:59 30-05-2021";"@iradamamia"
"891";"svo.maryana";"18:57:57 30-05-2021";"@yuljagra"
"892";"svo.maryana";"18:58:02 30-05-2021";"@oleksakosov"
"893";"svo.maryana";"18:58:10 30-05-2021";"@evgeniakosovan"
"894";"viktoriya_and_ameli";"19:06:10 30-05-2021";"@marina_ovchunnikova"
"895";"viktoriya_and_ameli";"19:06:16 30-05-2021";"@katerinazditovetskaya"
"896";"viktoriya_and_ameli";"19:06:21 30-05-2021";"@marta.grigorieva"
"897";"viktoriya_and_ameli";"19:06:25 30-05-2021";"@macrame_by_ameli"
"898";"viktoriya_and_ameli";"19:06:31 30-05-2021";"@manusevyholeksandra"
"899";"viktoriya_and_ameli";"19:06:49 30-05-2021";"@idievafiruza"
"900";"viktoriya_and_ameli";"19:06:53 30-05-2021";"@vika_sugarwax"
"901";"viktoriya_and_ameli";"19:06:57 30-05-2021";"@alma_lashess"
"902";"viktoriya_and_ameli";"19:07:00 30-05-2021";"@vyhhovskaa"
"903";"viktoriya_and_ameli";"19:07:07 30-05-2021";"@a__ryashentseva"
"904";"viktoriya_and_ameli";"19:07:15 30-05-2021";"@andreiko_mariana"
"905";"kosminskayanatali";"19:11:48 30-05-2021";"@kosminskiiandrei"
"906";"kosminskayanatali";"19:11:54 30-05-2021";"@nataly802"
"907";"kosminskayanatali";"19:12:00 30-05-2021";"@__mrak____"
"908";"kosminskayanatali";"19:12:06 30-05-2021";"@davidenko_oksana123"
"909";"kosminskayanatali";"19:12:12 30-05-2021";"@lenkamulatka"
"910";"vika_sugarwax";"21:13:12 30-05-2021";"@viktoriya_and_ameli"
"911";"irpenkeratin";"21:59:10 30-05-2021";"@vladislav_chulcheev"
"912";"irpenkeratin";"21:59:25 30-05-2021";"@chulcheeva"
"913";"irpenkeratin";"21:59:31 30-05-2021";"@mebelvk20"
"914";"irpenkeratin";"22:00:09 30-05-2021";"@katy_food"
"915";"m_s_ponomarenko";"22:33:38 30-05-2021";"@olenatokach"
"916";"m_s_ponomarenko";"22:33:46 30-05-2021";"@ponomarenkoanton93"
"917";"m_s_ponomarenko";"22:34:00 30-05-2021";"@ksenia.tkh"
"918";"m_s_ponomarenko";"22:35:17 30-05-2021";"@_rostova_yuliia_"
"919";"_rostova_yuliia_";"23:00:15 30-05-2021";"@kucheryashka000"
"920";"_rostova_yuliia_";"23:00:22 30-05-2021";"@_nick_rostov_"
"921";"_rostova_yuliia_";"23:00:25 30-05-2021";"@kovalchke"
"922";"_rostova_yuliia_";"23:00:28 30-05-2021";"@romanbalyta"
"923";"_rostova_yuliia_";"23:00:31 30-05-2021";"@rostov_vitalii"
"924";"_rostova_yuliia_";"23:00:35 30-05-2021";"@romanoliinyk13"
"925";"_rostova_yuliia_";"23:00:43 30-05-2021";"@oli_tanya"
"926";"_rostova_yuliia_";"23:00:48 30-05-2021";"@olena_davudyk"
"927";"_rostova_yuliia_";"23:00:52 30-05-2021";"@olga_fedchuk"
"928";"missolya.33";"00:41:01 31-05-2021";"@___lika.li___"
"929";"missolya.33";"00:41:07 31-05-2021";"@___li.li.v__"
"930";"missolya.33";"00:41:14 31-05-2021";"@a_n_j_e_l_a_27"
"931";"missolya.33";"00:41:21 31-05-2021";"@ekaterin_ka0994"
"932";"missolya.33";"00:41:30 31-05-2021";"@__kuzmicheva__"
"933";"missolya.33";"00:42:06 31-05-2021";"@zapadlovskaiaelena"
"934";"missolya.33";"00:42:18 31-05-2021";"@tania_midem"
"935";"yu.razvodova";"12:06:53 31-05-2021";"@protasovanina"
"936";"yu.razvodova";"12:07:10 31-05-2021";"@olesik15"
"937";"yu.razvodova";"12:07:15 31-05-2021";"@lana_slrelka"
"938";"yu.razvodova";"12:07:38 31-05-2021";"@ellena_ly"
"939";"yu.razvodova";"12:07:46 31-05-2021";"@d.mykhailova_"
"940";"yu.razvodova";"12:08:25 31-05-2021";"@alexrazvodov"
"941";"_nelubina2_";"14:31:18 31-05-2021";"@robinzonsha"
"942";"_nelubina2_";"14:32:04 31-05-2021";"@katerina.lchk"
"943";"_kulikovalina";"17:51:17 31-05-2021";"@marinamusiyenko"
"944";"alisa_himich";"17:56:30 31-05-2021";"@nataliavmartos"
"945";"gaumarjosgeowinecafe";"18:01:35 31-05-2021";"СТОП РОЗІГРАШ🔥"
"946";"protasovanina";"20:56:48 31-05-2021";"@yu.razvodova при выигрыше мне процент в виде кусочка 😂"
